id,query
1,python backend dev
2,junior data analyst sql
3,ml engineer pytorch remote
4,senior react developer jobs
5,devops aws kubernetes
6,frontend engineer vue.js
7,data scientist machine learning ny
8,full stack node react
9,junior software engineer entry level
10,cloud architect azure
11,backend java spring boot
12,ios developer swift remote
13,data engineer spark hadoop
14,ux engineer figma frontend
15,golang backend microservices
16,senior python django rest api
17,cybersecurity analyst soc
18,junior react developer no experience
19,site reliability engineer sre kubernetes
20,android kotlin developer
21,nlp engineer transformers pytorch
22,data analyst tableau powerbi
23,php laravel backend dev
24,senior devops ci cd jenkins
25,software engineer rust systems
26,database administrator postgresql
27,entry level data science python
28,typescript fullstack next.js
29,machine learning ops mlops
30,embedded c developer
31,junior frontend html css javascript
32,aws solutions architect
33,scala data engineer kafka
34,mobile developer flutter cross platform
35,senior staff engineer distributed systems
36,bi developer sql server reports
37,computer vision opencv python
38,junior qa automation selenium
39,blockchain solidity developer
40,net c# backend developer
41,remote senior backend engineer
42,hadoop data warehouse etl
43,technical lead microservices java
44,ai engineer llm openai
45,ruby rails backend
46,security engineer penetration testing
47,junior python dev django
48,gaming unity c# developer
49,cloud devops gcp terraform
50,principal engineer architecture
51,react native mobile remote
52,data analyst entry sql excel
53,network engineer cisco ccna
54,senior ml researcher nlp
55,wordpress developer php remote
56,platform engineer kubernetes helm
57,java developer banking fintech
58,deep learning tensorflow gpu
59,linux systems administrator
60,product engineer startup growth
61,angular typescript enterprise
62,big data engineer aws glue
63,junior android developer internship
64,api developer rest graphql
65,senior frontend performance optimization
66,c++ game engine developer
67,etl developer informatica sql
68,solutions engineer presales cloud
69,python automation scripting devops
70,vp engineering leadership remote
71,junior fullstack bootcamp grad
72,quantum computing researcher
73,database developer stored procedures
74,react developer fintech
75,senior ios swift objective c
76,infrastructure engineer terraform ansible
77,r statistical programming analyst
78,low latency c++ trading systems
79,junior cloud engineer aws
80,backend engineer golang distributed
81,security software engineer appsec
82,computer vision ml real time
83,senior data engineer dbt snowflake
84,web3 developer ethereum solidity
85,mid level python engineer api
86,sre on call infrastructure
87,engineering manager backend teams
88,data platform engineer spark airflow
89,frontend developer accessibility a11y
90,firmware engineer embedded linux
91,kafka streaming engineer java
92,junior sql developer reporting
93,staff ml engineer recommendation systems
94,cloud security engineer aws azure
95,react redux senior frontend
96,phd research scientist deep learning
97,no experience software dev jobs
98,remote devops pipeline automation
99,senior architect saas platform
100,python data science pandas numpy sklearn
